Workbook

Sheet Input_TPSR
A2: Kelas : | B2: 5-D
A3: Nama Siswa | B3: P1 | G3: P2 | L3: P3 | Q3: P4 | V3: P5 | AA3: P6 | AF3: P7 | AK3: P8 | AP3: P9 | AU3: P10 | AZ3: P11 | BE3: P12 | BJ3: P13 | BO3: P14 | BT3: P15 | BY3: P16
B4: Respect | C4: Participation | D4: Self-direction | E4: Caring | F4: Transfer | G4: Respect | H4: Participation | I4: Self-direction | J4: Caring | K4: Transfer | L4: Respect | M4: Participation | N4: Self-direction | O4: Caring | P4: Transfer | Q4: Respect | R4: Participation | S4: Self-direction | T4: Caring | U4: Transfer | V4: Respect | W4: Participation | X4: Self-direction | Y4: Caring | Z4: Transfer | AA4: Respect | AB4: Participation | AC4: Self-direction | AD4: Caring | AE4: Transfer | AF4: Respect | AG4: Participation | AH4: Self-direction | AI4: Caring | AJ4: Transfer | AK4: Respect | AL4: Participation | AM4: Self-direction | AN4: Caring | AO4: Transfer | AP4: Respect | AQ4: Participation | AR4: Self-direction | AS4: Caring | AT4: Transfer | AU4: Respect | AV4: Participation | AW4: Self-direction | AX4: Caring | AY4: Transfer | AZ4: Respect | BA4: Participation | BB4: Self-direction | BC4: Caring | BD4: Transfer | BE4: Respect | BF4: Participation | BG4: Self-direction | BH4: Caring | BI4: Transfer | BJ4: Respect | BK4: Participation | BL4: Self-direction | BM4: Caring | BN4: Transfer | BO4: Respect | BP4: Participation | BQ4: Self-direction | BR4: Caring | BS4: Transfer | BT4: Respect | BU4: Participation | BV4: Self-direction | BW4: Caring | BX4: Transfer | BY4: Respect | BZ4: Participation | CA4: Self-direction | CB4: Caring | CC4: Transfer
A5: Andi Saputra | B5: 4 | C5: 3 | D5: 2 | E5: 1 | F5: 4 | G5: 4 | H5: 1 | I5: 4 | J5: 4 | K5: 4 | L5: 4 | M5: 4 | N5: 4 | O5: 4 | P5: 4 | Q5: 4 | R5: 4 | S5: 4 | T5: 4 | U5: 4 | V5: 4 | W5: 1 | X5: 4 | Y5: 4 | Z5: 4 | AA5: 4 | AB5: 4 | AC5: 4 | AD5: 4 | AE5: 4 | AF5: 4 | AG5: 4 | AH5: 4 | AI5: 4 | AJ5: 4 | AK5: 4 | AL5: 1 | AM5: 4 | AN5: 4 | AO5: 4 | AP5: 4 | AQ5: 4 | AR5: 4 | AS5: 4 | AT5: 4 | AU5: 4 | AV5: 4 | AW5: 4 | AX5: 4 | AY5: 4 | AZ5: 4 | BA5: 1 | BB5: 4 | BC5: 4 | BD5: 4 | BE5: 4 | BF5: 4 | BG5: 4 | BH5: 4 | BI5: 4 | BJ5: 4 | BK5: 4 | BL5: 4 | BM5: 4 | BN5: 4 | BO5: 4 | BP5: 1 | BQ5: 4 | BR5: 4 | BS5: 4 | BT5: 4 | BU5: 4 | BV5: 4 | BW5: 4 | BX5: 4 | BY5: 4 | BZ5: 4 | CA5: 4 | CB5: 4 | CC5: 4
A6: Budi Wijaya | B6: 3 | C6: 3 | D6: 3 | E6: 3 | F6: 4 | G6: 4 | H6: 3 | I6: 3 | J6: 3 | K6: 3 | L6: 3 | M6: 3 | N6: 3 | O6: 3 | P6: 3 | Q6: 3 | R6: 3 | S6: 3 | T6: 3 | U6: 4 | V6: 4 | W6: 3 | X6: 3 | Y6: 3 | Z6: 3 | AA6: 3 | AB6: 3 | AC6: 3 | AD6: 3 | AE6: 3 | AF6: 3 | AG6: 3 | AH6: 3 | AI6: 3 | AJ6: 4 | AK6: 4 | AL6: 3 | AM6: 3 | AN6: 3 | AO6: 3 | AP6: 3 | AQ6: 3 | AR6: 3 | AS6: 3 | AT6: 3 | AU6: 3 | AV6: 3 | AW6: 3 | AX6: 3 | AY6: 4 | AZ6: 4 | BA6: 3 | BB6: 3 | BC6: 3 | BD6: 3 | BE6: 3 | BF6: 3 | BG6: 3 | BH6: 3 | BI6: 3 | BJ6: 3 | BK6: 3 | BL6: 3 | BM6: 3 | BN6: 4 | BO6: 4 | BP6: 3 | BQ6: 3 | BR6: 3 | BS6: 3 | BT6: 3 | BU6: 3 | BV6: 3 | BW6: 3 | BX6: 3 | BY6: 3 | BZ6: 3 | CA6: 3 | CB6: 3 | CC6: 4
A7: Citra Lestari | B7: 3 | C7: 3 | D7: 3 | E7: 3 | F7: 3 | G7: 4 | H7: 3 | I7: 3 | J7: 3 | K7: 3 | L7: 3 | M7: 3 | N7: 3 | O7: 3 | P7: 3 | Q7: 3 | R7: 3 | S7: 3 | T7: 3 | U7: 3 | V7: 4 | W7: 3 | X7: 3 | Y7: 3 | Z7: 3 | AA7: 3 | AB7: 3 | AC7: 3 | AD7: 3 | AE7: 3 | AF7: 3 | AG7: 3 | AH7: 3 | AI7: 3 | AJ7: 3 | AK7: 4 | AL7: 3 | AM7: 3 | AN7: 3 | AO7: 3 | AP7: 3 | AQ7: 3 | AR7: 3 | AS7: 3 | AT7: 3 | AU7: 3 | AV7: 3 | AW7: 3 | AX7: 3 | AY7: 3 | AZ7: 4 | BA7: 3 | BB7: 3 | BC7: 3 | BD7: 3 | BE7: 3 | BF7: 3 | BG7: 3 | BH7: 3 | BI7: 3 | BJ7: 3 | BK7: 3 | BL7: 3 | BM7: 3 | BN7: 3 | BO7: 4 | BP7: 3 | BQ7: 3 | BR7: 3 | BS7: 3 | BT7: 3 | BU7: 3 | BV7: 3 | BW7: 3 | BX7: 3 | BY7: 3 | BZ7: 3 | CA7: 3 | CB7: 3 | CC7: 3
A8: Dian Pratama | B8: 2 | C8: 2 | D8: 2 | E8: 2 | F8: 2 | G8: 3 | H8: 3 | I8: 3 | J8: 3 | K8: 3 | L8: 3 | M8: 3 | N8: 3 | O8: 3 | P8: 3 | Q8: 2 | R8: 2 | S8: 2 | T8: 2 | U8: 2 | V8: 3 | W8: 3 | X8: 3 | Y8: 3 | Z8: 3 | AA8: 3 | AB8: 3 | AC8: 3 | AD8: 3 | AE8: 3 | AF8: 2 | AG8: 2 | AH8: 2 | AI8: 2 | AJ8: 2 | AK8: 3 | AL8: 3 | AM8: 3 | AN8: 3 | AO8: 3 | AP8: 3 | AQ8: 3 | AR8: 3 | AS8: 3 | AT8: 3 | AU8: 2 | AV8: 2 | AW8: 2 | AX8: 2 | AY8: 2 | AZ8: 3 | BA8: 3 | BB8: 3 | BC8: 3 | BD8: 3 | BE8: 3 | BF8: 3 | BG8: 3 | BH8: 3 | BI8: 3 | BJ8: 2 | BK8: 2 | BL8: 2 | BM8: 2 | BN8: 2 | BO8: 3 | BP8: 3 | BQ8: 3 | BR8: 3 | BS8: 3 | BT8: 3 | BU8: 3 | BV8: 3 | BW8: 3 | BX8: 3 | BY8: 2 | BZ8: 2 | CA8: 2 | CB8: 2 | CC8: 2
A9: Eka Ramadhan | B9: 1 | C9: 1 | D9: 1 | E9: 1 | F9: 1 | G9: 4 | H9: 4 | I9: 4 | J9: 4 | K9: 4 | L9: 4 | M9: 4 | N9: 4 | O9: 4 | P9: 4 | Q9: 1 | R9: 1 | S9: 1 | T9: 1 | U9: 1 | V9: 4 | W9: 4 | X9: 4 | Y9: 4 | Z9: 4 | AA9: 4 | AB9: 4 | AC9: 4 | AD9: 4 | AE9: 4 | AF9: 1 | AG9: 1 | AH9: 1 | AI9: 1 | AJ9: 1 | AK9: 4 | AL9: 4 | AM9: 4 | AN9: 4 | AO9: 4 | AP9: 4 | AQ9: 4 | AR9: 4 | AS9: 4 | AT9: 4 | AU9: 1 | AV9: 1 | AW9: 1 | AX9: 1 | AY9: 1 | AZ9: 4 | BA9: 4 | BB9: 4 | BC9: 4 | BD9: 4 | BE9: 4 | BF9: 4 | BG9: 4 | BH9: 4 | BI9: 4 | BJ9: 1 | BK9: 1 | BL9: 1 | BM9: 1 | BN9: 1 | BO9: 4 | BP9: 4 | BQ9: 4 | BR9: 4 | BS9: 4 | BT9: 4 | BU9: 4 | BV9: 4 | BW9: 4 | BX9: 4 | BY9: 1 | BZ9: 1 | CA9: 1 | CB9: 1 | CC9: 1
D13: NB: ini hanyalah template, isi dengan data yang anda inginkan

Sheet Resume_Karakter
A1: Nama Siswa | B1: P1 | L1: P2 | V1: P3 | AF1: P4 | AP1: P5 | AZ1: P6 | BJ1: P7 | BT1: P8 | CD1: P9 | CN1: P10 | CX1: P11 | DH1: P12 | DR1: P13 | EB1: P14 | EL1: P15 | EV1: P16
B2: Disiplin | C2: Sportivitas | D2: Tanggung Jawab | E2: Percaya Diri | F2: Kemandirian | G2: Berpikir Kritis | H2: Kepedulian | I2: Kerja Sama | J2: Kepemimpinan | K2: Gaya Hidup Sehat | L2: Disiplin | M2: Sportivitas | N2: Tanggung Jawab | O2: Percaya Diri | P2: Kemandirian | Q2: Berpikir Kritis | R2: Kepedulian | S2: Kerja Sama | T2: Kepemimpinan | U2: Gaya Hidup Sehat | V2: Disiplin | W2: Sportivitas | X2: Tanggung Jawab | Y2: Percaya Diri | Z2: Kemandirian | AA2: Berpikir Kritis | AB2: Kepedulian | AC2: Kerja Sama | AD2: Kepemimpinan | AE2: Gaya Hidup Sehat | AF2: Disiplin | AG2: Sportivitas | AH2: Tanggung Jawab | AI2: Percaya Diri | AJ2: Kemandirian | AK2: Berpikir Kritis | AL2: Kepedulian | AM2: Kerja Sama | AN2: Kepemimpinan | AO2: Gaya Hidup Sehat | AP2: Disiplin | AQ2: Sportivitas | AR2: Tanggung Jawab | AS2: Percaya Diri | AT2: Kemandirian | AU2: Berpikir Kritis | AV2: Kepedulian | AW2: Kerja Sama | AX2: Kepemimpinan | AY2: Gaya Hidup Sehat | AZ2: Disiplin | BA2: Sportivitas | BB2: Tanggung Jawab | BC2: Percaya Diri | BD2: Kemandirian | BE2: Berpikir Kritis | BF2: Kepedulian | BG2: Kerja Sama | BH2: Kepemimpinan | BI2: Gaya Hidup Sehat | BJ2: Disiplin | BK2: Sportivitas | BL2: Tanggung Jawab | BM2: Percaya Diri | BN2: Kemandirian | BO2: Berpikir Kritis | BP2: Kepedulian | BQ2: Kerja Sama | BR2: Kepemimpinan | BS2: Gaya Hidup Sehat | BT2: Disiplin | BU2: Sportivitas | BV2: Tanggung Jawab | BW2: Percaya Diri | BX2: Kemandirian | BY2: Berpikir Kritis | BZ2: Kepedulian | CA2: Kerja Sama | CB2: Kepemimpinan | CC2: Gaya Hidup Sehat | CD2: Disiplin | CE2: Sportivitas | CF2: Tanggung Jawab | CG2: Percaya Diri | CH2: Kemandirian | CI2: Berpikir Kritis | CJ2: Kepedulian | CK2: Kerja Sama | CL2: Kepemimpinan | CM2: Gaya Hidup Sehat | CN2: Disiplin | CO2: Sportivitas | CP2: Tanggung Jawab | CQ2: Percaya Diri | CR2: Kemandirian | CS2: Berpikir Kritis | CT2: Kepedulian | CU2: Kerja Sama | CV2: Kepemimpinan | CW2: Gaya Hidup Sehat | CX2: Disiplin | CY2: Sportivitas | CZ2: Tanggung Jawab | DA2: Percaya Diri | DB2: Kemandirian | DC2: Berpikir Kritis | DD2: Kepedulian | DE2: Kerja Sama | DF2: Kepemimpinan | DG2: Gaya Hidup Sehat | DH2: Disiplin | DI2: Sportivitas | DJ2: Tanggung Jawab | DK2: Percaya Diri | DL2: Kemandirian | DM2: Berpikir Kritis | DN2: Kepedulian | DO2: Kerja Sama | DP2: Kepemimpinan | DQ2: Gaya Hidup Sehat | DR2: Disiplin | DS2: Sportivitas | DT2: Tanggung Jawab | DU2: Percaya Diri | DV2: Kemandirian | DW2: Berpikir Kritis | DX2: Kepedulian | DY2: Kerja Sama | DZ2: Kepemimpinan | EA2: Gaya Hidup Sehat | EB2: Disiplin | EC2: Sportivitas | ED2: Tanggung Jawab | EE2: Percaya Diri | EF2: Kemandirian | EG2: Berpikir Kritis | EH2: Kepedulian | EI2: Kerja Sama | EJ2: Kepemimpinan | EK2: Gaya Hidup Sehat | EL2: Disiplin | EM2: Sportivitas | EN2: Tanggung Jawab | EO2: Percaya Diri | EP2: Kemandirian | EQ2: Berpikir Kritis | ER2: Kepedulian | ES2: Kerja Sama | ET2: Kepemimpinan | EU2: Gaya Hidup Sehat | EV2: Disiplin | EW2: Sportivitas | EX2: Tanggung Jawab | EY2: Percaya Diri | EZ2: Kemandirian | FA2: Berpikir Kritis | FB2: Kepedulian | FC2: Kerja Sama | FD2: Kepemimpinan | FE2: Gaya Hidup Sehat
A3: Andi Saputra | B3: =Input_TPSR!B5 -> 4 | C3: =Input_TPSR!B5 -> 4 | D3: =Input_TPSR!C5 -> 3 | E3: =Input_TPSR!C5 -> 3 | F3: =Input_TPSR!D5 -> 2 | G3: =Input_TPSR!D5 -> 2 | H3: =Input_TPSR!E5 -> 1 | I3: =Input_TPSR!E5 -> 1 | J3: =Input_TPSR!E5 -> 1 | K3: =Input_TPSR!F5 -> 4 | L3: =Input_TPSR!G5 -> 4 | M3: =Input_TPSR!G5 -> 4 | N3: =Input_TPSR!H5 -> 1 | O3: =Input_TPSR!H5 -> 1 | P3: =Input_TPSR!I5 -> 4 | Q3: =Input_TPSR!I5 -> 4 | R3: =Input_TPSR!J5 -> 4 | S3: =Input_TPSR!J5 -> 4 | T3: =Input_TPSR!J5 -> 4 | U3: =Input_TPSR!K5 -> 4 | V3: =Input_TPSR!L5 -> 4 | W3: =Input_TPSR!L5 -> 4 | X3: =Input_TPSR!M5 -> 4 | Y3: =Input_TPSR!M5 -> 4 | Z3: =Input_TPSR!N5 -> 4 | AA3: =Input_TPSR!N5 -> 4 | AB3: =Input_TPSR!O5 -> 4 | AC3: =Input_TPSR!O5 -> 4 | AD3: =Input_TPSR!O5 -> 4 | AE3: =Input_TPSR!P5 -> 4 | AF3: =Input_TPSR!Q5 -> 4 | AG3: =Input_TPSR!Q5 -> 4 | AH3: =Input_TPSR!R5 -> 4 | AI3: =Input_TPSR!R5 -> 4 | AJ3: =Input_TPSR!S5 -> 4 | AK3: =Input_TPSR!S5 -> 4 | AL3: =Input_TPSR!T5 -> 4 | AM3: =Input_TPSR!T5 -> 4 | AN3: =Input_TPSR!T5 -> 4 | AO3: =Input_TPSR!U5 -> 4 | AP3: =Input_TPSR!V5 -> 4 | AQ3: =Input_TPSR!V5 -> 4 | AR3: =Input_TPSR!W5 -> 1 | AS3: =Input_TPSR!W5 -> 1 | AT3: =Input_TPSR!X5 -> 4 | AU3: =Input_TPSR!X5 -> 4 | AV3: =Input_TPSR!Y5 -> 4 | AW3: =Input_TPSR!Y5 -> 4 | AX3: =Input_TPSR!Y5 -> 4 | AY3: =Input_TPSR!Z5 -> 4 | AZ3: =Input_TPSR!AA5 -> 4 | BA3: =Input_TPSR!AA5 -> 4 | BB3: =Input_TPSR!AB5 -> 4 | BC3: =Input_TPSR!AB5 -> 4 | BD3: =Input_TPSR!AC5 -> 4 | BE3: =Input_TPSR!AC5 -> 4 | BF3: =Input_TPSR!AD5 -> 4 | BG3: =Input_TPSR!AD5 -> 4 | BH3: =Input_TPSR!AD5 -> 4 | BI3: =Input_TPSR!AE5 -> 4 | BJ3: =Input_TPSR!AF5 -> 4 | BK3: =Input_TPSR!AF5 -> 4 | BL3: =Input_TPSR!AG5 -> 4 | BM3: =Input_TPSR!AG5 -> 4 | BN3: =Input_TPSR!AH5 -> 4 | BO3: =Input_TPSR!AH5 -> 4 | BP3: =Input_TPSR!AI5 -> 4 | BQ3: =Input_TPSR!AI5 -> 4 | BR3: =Input_TPSR!AI5 -> 4 | BS3: =Input_TPSR!AJ5 -> 4 | BT3: =Input_TPSR!AK5 -> 4 | BU3: =Input_TPSR!AK5 -> 4 | BV3: =Input_TPSR!AL5 -> 1 | BW3: =Input_TPSR!AL5 -> 1 | BX3: =Input_TPSR!AM5 -> 4 | BY3: =Input_TPSR!AM5 -> 4 | BZ3: =Input_TPSR!AN5 -> 4 | CA3: =Input_TPSR!AN5 -> 4 | CB3: =Input_TPSR!AN5 -> 4 | CC3: =Input_TPSR!AO5 -> 4 | CD3: =Input_TPSR!AP5 -> 4 | CE3: =Input_TPSR!AP5 -> 4 | CF3: =Input_TPSR!AQ5 -> 4 | CG3: =Input_TPSR!AQ5 -> 4 | CH3: =Input_TPSR!AR5 -> 4 | CI3: =Input_TPSR!AR5 -> 4 | CJ3: =Input_TPSR!AS5 -> 4 | CK3: =Input_TPSR!AS5 -> 4 | CL3: =Input_TPSR!AS5 -> 4 | CM3: =Input_TPSR!AT5 -> 4 | CN3: =Input_TPSR!AU5 -> 4 | CO3: =Input_TPSR!AU5 -> 4 | CP3: =Input_TPSR!AV5 -> 4 | CQ3: =Input_TPSR!AV5 -> 4 | CR3: =Input_TPSR!AW5 -> 4 | CS3: =Input_TPSR!AW5 -> 4 | CT3: =Input_TPSR!AX5 -> 4 | CU3: =Input_TPSR!AX5 -> 4 | CV3: =Input_TPSR!AX5 -> 4 | CW3: =Input_TPSR!AY5 -> 4 | CX3: =Input_TPSR!AZ5 -> 4 | CY3: =Input_TPSR!AZ5 -> 4 | CZ3: =Input_TPSR!BA5 -> 1 | DA3: =Input_TPSR!BA5 -> 1 | DB3: =Input_TPSR!BB5 -> 4 | DC3: =Input_TPSR!BB5 -> 4 | DD3: =Input_TPSR!BC5 -> 4 | DE3: =Input_TPSR!BC5 -> 4 | DF3: =Input_TPSR!BC5 -> 4 | DG3: =Input_TPSR!BD5 -> 4 | DH3: =Input_TPSR!BE5 -> 4 | DI3: =Input_TPSR!BE5 -> 4 | DJ3: =Input_TPSR!BF5 -> 4 | DK3: =Input_TPSR!BF5 -> 4 | DL3: =Input_TPSR!BG5 -> 4 | DM3: =Input_TPSR!BG5 -> 4 | DN3: =Input_TPSR!BH5 -> 4 | DO3: =Input_TPSR!BH5 -> 4 | DP3: =Input_TPSR!BH5 -> 4 | DQ3: =Input_TPSR!BI5 -> 4 | DR3: =Input_TPSR!BJ5 -> 4 | DS3: =Input_TPSR!BJ5 -> 4 | DT3: =Input_TPSR!BK5 -> 4 | DU3: =Input_TPSR!BK5 -> 4 | DV3: =Input_TPSR!BL5 -> 4 | DW3: =Input_TPSR!BL5 -> 4 | DX3: =Input_TPSR!BM5 -> 4 | DY3: =Input_TPSR!BM5 -> 4 | DZ3: =Input_TPSR!BM5 -> 4 | EA3: =Input_TPSR!BN5 -> 4 | EB3: =Input_TPSR!BO5 -> 4 | EC3: =Input_TPSR!BO5 -> 4 | ED3: =Input_TPSR!BP5 -> 1 | EE3: =Input_TPSR!BP5 -> 1 | EF3: =Input_TPSR!BQ5 -> 4 | EG3: =Input_TPSR!BQ5 -> 4 | EH3: =Input_TPSR!BR5 -> 4 | EI3: =Input_TPSR!BR5 -> 4 | EJ3: =Input_TPSR!BR5 -> 4 | EK3: =Input_TPSR!BS5 -> 4 | EL3: =Input_TPSR!BT5 -> 4 | EM3: =Input_TPSR!BT5 -> 4 | EN3: =Input_TPSR!BU5 -> 4 | EO3: =Input_TPSR!BU5 -> 4 | EP3: =Input_TPSR!BV5 -> 4 | EQ3: =Input_TPSR!BV5 -> 4 | ER3: =Input_TPSR!BW5 -> 4 | ES3: =Input_TPSR!BW5 -> 4 | ET3: =Input_TPSR!BW5 -> 4 | EU3: =Input_TPSR!BX5 -> 4 | EV3: =Input_TPSR!BY5 -> 4 | EW3: =Input_TPSR!BY5 -> 4 | EX3: =Input_TPSR!BZ5 -> 4 | EY3: =Input_TPSR!BZ5 -> 4 | EZ3: =Input_TPSR!CA5 -> 4 | FA3: =Input_TPSR!CA5 -> 4 | FB3: =Input_TPSR!CB5 -> 4 | FC3: =Input_TPSR!CB5 -> 4 | FD3: =Input_TPSR!CB5 -> 4 | FE3: =Input_TPSR!CC5 -> 4
A4: Budi Wijaya | B4: =Input_TPSR!B6 -> 3 | C4: =Input_TPSR!B6 -> 3 | D4: =Input_TPSR!C6 -> 3 | E4: =Input_TPSR!C6 -> 3 | F4: =Input_TPSR!D6 -> 3 | G4: =Input_TPSR!D6 -> 3 | H4: =Input_TPSR!E6 -> 3 | I4: =Input_TPSR!E6 -> 3 | J4: =Input_TPSR!E6 -> 3 | K4: =Input_TPSR!F6 -> 4 | L4: =Input_TPSR!G6 -> 4 | M4: =Input_TPSR!G6 -> 4 | N4: =Input_TPSR!H6 -> 3 | O4: =Input_TPSR!H6 -> 3 | P4: =Input_TPSR!I6 -> 3 | Q4: =Input_TPSR!I6 -> 3 | R4: =Input_TPSR!J6 -> 3 | S4: =Input_TPSR!J6 -> 3 | T4: =Input_TPSR!J6 -> 3 | U4: =Input_TPSR!K6 -> 3 | V4: =Input_TPSR!L6 -> 3 | W4: =Input_TPSR!L6 -> 3 | X4: =Input_TPSR!M6 -> 3 | Y4: =Input_TPSR!M6 -> 3 | Z4: =Input_TPSR!N6 -> 3 | AA4: =Input_TPSR!N6 -> 3 | AB4: =Input_TPSR!O6 -> 3 | AC4: =Input_TPSR!O6 -> 3 | AD4: =Input_TPSR!O6 -> 3 | AE4: =Input_TPSR!P6 -> 3 | AF4: =Input_TPSR!Q6 -> 3 | AG4: =Input_TPSR!Q6 -> 3 | AH4: =Input_TPSR!R6 -> 3 | AI4: =Input_TPSR!R6 -> 3 | AJ4: =Input_TPSR!S6 -> 3 | AK4: =Input_TPSR!S6 -> 3 | AL4: =Input_TPSR!T6 -> 3 | AM4: =Input_TPSR!T6 -> 3 | AN4: =Input_TPSR!T6 -> 3 | AO4: =Input_TPSR!U6 -> 4 | AP4: =Input_TPSR!V6 -> 4 | AQ4: =Input_TPSR!V6 -> 4 | AR4: =Input_TPSR!W6 -> 3 | AS4: =Input_TPSR!W6 -> 3 | AT4: =Input_TPSR!X6 -> 3 | AU4: =Input_TPSR!X6 -> 3 | AV4: =Input_TPSR!Y6 -> 3 | AW4: =Input_TPSR!Y6 -> 3 | AX4: =Input_TPSR!Y6 -> 3 | AY4: =Input_TPSR!Z6 -> 3 | AZ4: =Input_TPSR!AA6 -> 3 | BA4: =Input_TPSR!AA6 -> 3 | BB4: =Input_TPSR!AB6 -> 3 | BC4: =Input_TPSR!AB6 -> 3 | BD4: =Input_TPSR!AC6 -> 3 | BE4: =Input_TPSR!AC6 -> 3 | BF4: =Input_TPSR!AD6 -> 3 | BG4: =Input_TPSR!AD6 -> 3 | BH4: =Input_TPSR!AD6 -> 3 | BI4: =Input_TPSR!AE6 -> 3 | BJ4: =Input_TPSR!AF6 -> 3 | BK4: =Input_TPSR!AF6 -> 3 | BL4: =Input_TPSR!AG6 -> 3 | BM4: =Input_TPSR!AG6 -> 3 | BN4: =Input_TPSR!AH6 -> 3 | BO4: =Input_TPSR!AH6 -> 3 | BP4: =Input_TPSR!AI6 -> 3 | BQ4: =Input_TPSR!AI6 -> 3 | BR4: =Input_TPSR!AI6 -> 3 | BS4: =Input_TPSR!AJ6 -> 4 | BT4: =Input_TPSR!AK6 -> 4 | BU4: =Input_TPSR!AK6 -> 4 | BV4: =Input_TPSR!AL6 -> 3 | BW4: =Input_TPSR!AL6 -> 3 | BX4: =Input_TPSR!AM6 -> 3 | BY4: =Input_TPSR!AM6 -> 3 | BZ4: =Input_TPSR!AN6 -> 3 | CA4: =Input_TPSR!AN6 -> 3 | CB4: =Input_TPSR!AN6 -> 3 | CC4: =Input_TPSR!AO6 -> 3 | CD4: =Input_TPSR!AP6 -> 3 | CE4: =Input_TPSR!AP6 -> 3 | CF4: =Input_TPSR!AQ6 -> 3 | CG4: =Input_TPSR!AQ6 -> 3 | CH4: =Input_TPSR!AR6 -> 3 | CI4: =Input_TPSR!AR6 -> 3 | CJ4: =Input_TPSR!AS6 -> 3 | CK4: =Input_TPSR!AS6 -> 3 | CL4: =Input_TPSR!AS6 -> 3 | CM4: =Input_TPSR!AT6 -> 3 | CN4: =Input_TPSR!AU6 -> 3 | CO4: =Input_TPSR!AU6 -> 3 | CP4: =Input_TPSR!AV6 -> 3 | CQ4: =Input_TPSR!AV6 -> 3 | CR4: =Input_TPSR!AW6 -> 3 | CS4: =Input_TPSR!AW6 -> 3 | CT4: =Input_TPSR!AX6 -> 3 | CU4: =Input_TPSR!AX6 -> 3 | CV4: =Input_TPSR!AX6 -> 3 | CW4: =Input_TPSR!AY6 -> 4 | CX4: =Input_TPSR!AZ6 -> 4 | CY4: =Input_TPSR!AZ6 -> 4 | CZ4: =Input_TPSR!BA6 -> 3 | DA4: =Input_TPSR!BA6 -> 3 | DB4: =Input_TPSR!BB6 -> 3 | DC4: =Input_TPSR!BB6 -> 3 | DD4: =Input_TPSR!BC6 -> 3 | DE4: =Input_TPSR!BC6 -> 3 | DF4: =Input_TPSR!BC6 -> 3 | DG4: =Input_TPSR!BD6 -> 3 | DH4: =Input_TPSR!BE6 -> 3 | DI4: =Input_TPSR!BE6 -> 3 | DJ4: =Input_TPSR!BF6 -> 3 | DK4: =Input_TPSR!BF6 -> 3 | DL4: =Input_TPSR!BG6 -> 3 | DM4: =Input_TPSR!BG6 -> 3 | DN4: =Input_TPSR!BH6 -> 3 | DO4: =Input_TPSR!BH6 -> 3 | DP4: =Input_TPSR!BH6 -> 3 | DQ4: =Input_TPSR!BI6 -> 3 | DR4: =Input_TPSR!BJ6 -> 3 | DS4: =Input_TPSR!BJ6 -> 3 | DT4: =Input_TPSR!BK6 -> 3 | DU4: =Input_TPSR!BK6 -> 3 | DV4: =Input_TPSR!BL6 -> 3 | DW4: =Input_TPSR!BL6 -> 3 | DX4: =Input_TPSR!BM6 -> 3 | DY4: =Input_TPSR!BM6 -> 3 | DZ4: =Input_TPSR!BM6 -> 3 | EA4: =Input_TPSR!BN6 -> 4 | EB4: =Input_TPSR!BO6 -> 4 | EC4: =Input_TPSR!BO6 -> 4 | ED4: =Input_TPSR!BP6 -> 3 | EE4: =Input_TPSR!BP6 -> 3 | EF4: =Input_TPSR!BQ6 -> 3 | EG4: =Input_TPSR!BQ6 -> 3 | EH4: =Input_TPSR!BR6 -> 3 | EI4: =Input_TPSR!BR6 -> 3 | EJ4: =Input_TPSR!BR6 -> 3 | EK4: =Input_TPSR!BS6 -> 3 | EL4: =Input_TPSR!BT6 -> 3 | EM4: =Input_TPSR!BT6 -> 3 | EN4: =Input_TPSR!BU6 -> 3 | EO4: =Input_TPSR!BU6 -> 3 | EP4: =Input_TPSR!BV6 -> 3 | EQ4: =Input_TPSR!BV6 -> 3 | ER4: =Input_TPSR!BW6 -> 3 | ES4: =Input_TPSR!BW6 -> 3 | ET4: =Input_TPSR!BW6 -> 3 | EU4: =Input_TPSR!BX6 -> 3 | EV4: =Input_TPSR!BY6 -> 3 | EW4: =Input_TPSR!BY6 -> 3 | EX4: =Input_TPSR!BZ6 -> 3 | EY4: =Input_TPSR!BZ6 -> 3 | EZ4: =Input_TPSR!CA6 -> 3 | FA4: =Input_TPSR!CA6 -> 3 | FB4: =Input_TPSR!CB6 -> 3 | FC4: =Input_TPSR!CB6 -> 3 | FD4: =Input_TPSR!CB6 -> 3 | FE4: =Input_TPSR!CC6 -> 4
A5: Citra Lestari | B5: =Input_TPSR!B7 -> 3 | C5: =Input_TPSR!B7 -> 3 | D5: =Input_TPSR!C7 -> 3 | E5: =Input_TPSR!C7 -> 3 | F5: =Input_TPSR!D7 -> 3 | G5: =Input_TPSR!D7 -> 3 | H5: =Input_TPSR!E7 -> 3 | I5: =Input_TPSR!E7 -> 3 | J5: =Input_TPSR!E7 -> 3 | K5: =Input_TPSR!F7 -> 3 | L5: =Input_TPSR!G7 -> 4 | M5: =Input_TPSR!G7 -> 4 | N5: =Input_TPSR!H7 -> 3 | O5: =Input_TPSR!H7 -> 3 | P5: =Input_TPSR!I7 -> 3 | Q5: =Input_TPSR!I7 -> 3 | R5: =Input_TPSR!J7 -> 3 | S5: =Input_TPSR!J7 -> 3 | T5: =Input_TPSR!J7 -> 3 | U5: =Input_TPSR!K7 -> 3 | V5: =Input_TPSR!L7 -> 3 | W5: =Input_TPSR!L7 -> 3 | X5: =Input_TPSR!M7 -> 3 | Y5: =Input_TPSR!M7 -> 3 | Z5: =Input_TPSR!N7 -> 3 | AA5: =Input_TPSR!N7 -> 3 | AB5: =Input_TPSR!O7 -> 3 | AC5: =Input_TPSR!O7 -> 3 | AD5: =Input_TPSR!O7 -> 3 | AE5: =Input_TPSR!P7 -> 3 | AF5: =Input_TPSR!Q7 -> 3 | AG5: =Input_TPSR!Q7 -> 3 | AH5: =Input_TPSR!R7 -> 3 | AI5: =Input_TPSR!R7 -> 3 | AJ5: =Input_TPSR!S7 -> 3 | AK5: =Input_TPSR!S7 -> 3 | AL5: =Input_TPSR!T7 -> 3 | AM5: =Input_TPSR!T7 -> 3 | AN5: =Input_TPSR!T7 -> 3 | AO5: =Input_TPSR!U7 -> 3 | AP5: =Input_TPSR!V7 -> 4 | AQ5: =Input_TPSR!V7 -> 4 | AR5: =Input_TPSR!W7 -> 3 | AS5: =Input_TPSR!W7 -> 3 | AT5: =Input_TPSR!X7 -> 3 | AU5: =Input_TPSR!X7 -> 3 | AV5: =Input_TPSR!Y7 -> 3 | AW5: =Input_TPSR!Y7 -> 3 | AX5: =Input_TPSR!Y7 -> 3 | AY5: =Input_TPSR!Z7 -> 3 | AZ5: =Input_TPSR!AA7 -> 3 | BA5: =Input_TPSR!AA7 -> 3 | BB5: =Input_TPSR!AB7 -> 3 | BC5: =Input_TPSR!AB7 -> 3 | BD5: =Input_TPSR!AC7 -> 3 | BE5: =Input_TPSR!AC7 -> 3 | BF5: =Input_TPSR!AD7 -> 3 | BG5: =Input_TPSR!AD7 -> 3 | BH5: =Input_TPSR!AD7 -> 3 | BI5: =Input_TPSR!AE7 -> 3 | BJ5: =Input_TPSR!AF7 -> 3 | BK5: =Input_TPSR!AF7 -> 3 | BL5: =Input_TPSR!AG7 -> 3 | BM5: =Input_TPSR!AG7 -> 3 | BN5: =Input_TPSR!AH7 -> 3 | BO5: =Input_TPSR!AH7 -> 3 | BP5: =Input_TPSR!AI7 -> 3 | BQ5: =Input_TPSR!AI7 -> 3 | BR5: =Input_TPSR!AI7 -> 3 | BS5: =Input_TPSR!AJ7 -> 3 | BT5: =Input_TPSR!AK7 -> 4 | BU5: =Input_TPSR!AK7 -> 4 | BV5: =Input_TPSR!AL7 -> 3 | BW5: =Input_TPSR!AL7 -> 3 | BX5: =Input_TPSR!AM7 -> 3 | BY5: =Input_TPSR!AM7 -> 3 | BZ5: =Input_TPSR!AN7 -> 3 | CA5: =Input_TPSR!AN7 -> 3 | CB5: =Input_TPSR!AN7 -> 3 | CC5: =Input_TPSR!AO7 -> 3 | CD5: =Input_TPSR!AP7 -> 3 | CE5: =Input_TPSR!AP7 -> 3 | CF5: =Input_TPSR!AQ7 -> 3 | CG5: =Input_TPSR!AQ7 -> 3 | CH5: =Input_TPSR!AR7 -> 3 | CI5: =Input_TPSR!AR7 -> 3 | CJ5: =Input_TPSR!AS7 -> 3 | CK5: =Input_TPSR!AS7 -> 3 | CL5: =Input_TPSR!AS7 -> 3 | CM5: =Input_TPSR!AT7 -> 3 | CN5: =Input_TPSR!AU7 -> 3 | CO5: =Input_TPSR!AU7 -> 3 | CP5: =Input_TPSR!AV7 -> 3 | CQ5: =Input_TPSR!AV7 -> 3 | CR5: =Input_TPSR!AW7 -> 3 | CS5: =Input_TPSR!AW7 -> 3 | CT5: =Input_TPSR!AX7 -> 3 | CU5: =Input_TPSR!AX7 -> 3 | CV5: =Input_TPSR!AX7 -> 3 | CW5: =Input_TPSR!AY7 -> 3 | CX5: =Input_TPSR!AZ7 -> 4 | CY5: =Input_TPSR!AZ7 -> 4 | CZ5: =Input_TPSR!BA7 -> 3 | DA5: =Input_TPSR!BA7 -> 3 | DB5: =Input_TPSR!BB7 -> 3 | DC5: =Input_TPSR!BB7 -> 3 | DD5: =Input_TPSR!BC7 -> 3 | DE5: =Input_TPSR!BC7 -> 3 | DF5: =Input_TPSR!BC7 -> 3 | DG5: =Input_TPSR!BD7 -> 3 | DH5: =Input_TPSR!BE7 -> 3 | DI5: =Input_TPSR!BE7 -> 3 | DJ5: =Input_TPSR!BF7 -> 3 | DK5: =Input_TPSR!BF7 -> 3 | DL5: =Input_TPSR!BG7 -> 3 | DM5: =Input_TPSR!BG7 -> 3 | DN5: =Input_TPSR!BH7 -> 3 | DO5: =Input_TPSR!BH7 -> 3 | DP5: =Input_TPSR!BH7 -> 3 | DQ5: =Input_TPSR!BI7 -> 3 | DR5: =Input_TPSR!BJ7 -> 3 | DS5: =Input_TPSR!BJ7 -> 3 | DT5: =Input_TPSR!BK7 -> 3 | DU5: =Input_TPSR!BK7 -> 3 | DV5: =Input_TPSR!BL7 -> 3 | DW5: =Input_TPSR!BL7 -> 3 | DX5: =Input_TPSR!BM7 -> 3 | DY5: =Input_TPSR!BM7 -> 3 | DZ5: =Input_TPSR!BM7 -> 3 | EA5: =Input_TPSR!BN7 -> 3 | EB5: =Input_TPSR!BO7 -> 4 | EC5: =Input_TPSR!BO7 -> 4 | ED5: =Input_TPSR!BP7 -> 3 | EE5: =Input_TPSR!BP7 -> 3 | EF5: =Input_TPSR!BQ7 -> 3 | EG5: =Input_TPSR!BQ7 -> 3 | EH5: =Input_TPSR!BR7 -> 3 | EI5: =Input_TPSR!BR7 -> 3 | EJ5: =Input_TPSR!BR7 -> 3 | EK5: =Input_TPSR!BS7 -> 3 | EL5: =Input_TPSR!BT7 -> 3 | EM5: =Input_TPSR!BT7 -> 3 | EN5: =Input_TPSR!BU7 -> 3 | EO5: =Input_TPSR!BU7 -> 3 | EP5: =Input_TPSR!BV7 -> 3 | EQ5: =Input_TPSR!BV7 -> 3 | ER5: =Input_TPSR!BW7 -> 3 | ES5: =Input_TPSR!BW7 -> 3 | ET5: =Input_TPSR!BW7 -> 3 | EU5: =Input_TPSR!BX7 -> 3 | EV5: =Input_TPSR!BY7 -> 3 | EW5: =Input_TPSR!BY7 -> 3 | EX5: =Input_TPSR!BZ7 -> 3 | EY5: =Input_TPSR!BZ7 -> 3 | EZ5: =Input_TPSR!CA7 -> 3 | FA5: =Input_TPSR!CA7 -> 3 | FB5: =Input_TPSR!CB7 -> 3 | FC5: =Input_TPSR!CB7 -> 3 | FD5: =Input_TPSR!CB7 -> 3 | FE5: =Input_TPSR!CC7 -> 3
A6: Dian Pratama | B6: =Input_TPSR!B8 -> 2 | C6: =Input_TPSR!B8 -> 2 | D6: =Input_TPSR!C8 -> 2 | E6: =Input_TPSR!C8 -> 2 | F6: =Input_TPSR!D8 -> 2 | G6: =Input_TPSR!D8 -> 2 | H6: =Input_TPSR!E8 -> 2 | I6: =Input_TPSR!E8 -> 2 | J6: =Input_TPSR!E8 -> 2 | K6: =Input_TPSR!F8 -> 2 | L6: =Input_TPSR!G8 -> 3 | M6: =Input_TPSR!G8 -> 3 | N6: =Input_TPSR!H8 -> 3 | O6: =Input_TPSR!H8 -> 3 | P6: =Input_TPSR!I8 -> 3 | Q6: =Input_TPSR!I8 -> 3 | R6: =Input_TPSR!J8 -> 3 | S6: =Input_TPSR!J8 -> 3 | T6: =Input_TPSR!J8 -> 3 | U6: =Input_TPSR!K8 -> 3 | V6: =Input_TPSR!L8 -> 3 | W6: =Input_TPSR!L8 -> 3 | X6: =Input_TPSR!M8 -> 3 | Y6: =Input_TPSR!M8 -> 3 | Z6: =Input_TPSR!N8 -> 3 | AA6: =Input_TPSR!N8 -> 3 | AB6: =Input_TPSR!O8 -> 3 | AC6: =Input_TPSR!O8 -> 3 | AD6: =Input_TPSR!O8 -> 3 | AE6: =Input_TPSR!P8 -> 3 | AF6: =Input_TPSR!Q8 -> 2 | AG6: =Input_TPSR!Q8 -> 2 | AH6: =Input_TPSR!R8 -> 2 | AI6: =Input_TPSR!R8 -> 2 | AJ6: =Input_TPSR!S8 -> 2 | AK6: =Input_TPSR!S8 -> 2 | AL6: =Input_TPSR!T8 -> 2 | AM6: =Input_TPSR!T8 -> 2 | AN6: =Input_TPSR!T8 -> 2 | AO6: =Input_TPSR!U8 -> 2 | AP6: =Input_TPSR!V8 -> 3 | AQ6: =Input_TPSR!V8 -> 3 | AR6: =Input_TPSR!W8 -> 3 | AS6: =Input_TPSR!W8 -> 3 | AT6: =Input_TPSR!X8 -> 3 | AU6: =Input_TPSR!X8 -> 3 | AV6: =Input_TPSR!Y8 -> 3 | AW6: =Input_TPSR!Y8 -> 3 | AX6: =Input_TPSR!Y8 -> 3 | AY6: =Input_TPSR!Z8 -> 3 | AZ6: =Input_TPSR!AA8 -> 3 | BA6: =Input_TPSR!AA8 -> 3 | BB6: =Input_TPSR!AB8 -> 3 | BC6: =Input_TPSR!AB8 -> 3 | BD6: =Input_TPSR!AC8 -> 3 | BE6: =Input_TPSR!AC8 -> 3 | BF6: =Input_TPSR!AD8 -> 3 | BG6: =Input_TPSR!AD8 -> 3 | BH6: =Input_TPSR!AD8 -> 3 | BI6: =Input_TPSR!AE8 -> 3 | BJ6: =Input_TPSR!AF8 -> 2 | BK6: =Input_TPSR!AF8 -> 2 | BL6: =Input_TPSR!AG8 -> 2 | BM6: =Input_TPSR!AG8 -> 2 | BN6: =Input_TPSR!AH8 -> 2 | BO6: =Input_TPSR!AH8 -> 2 | BP6: =Input_TPSR!AI8 -> 2 | BQ6: =Input_TPSR!AI8 -> 2 | BR6: =Input_TPSR!AI8 -> 2 | BS6: =Input_TPSR!AJ8 -> 2 | BT6: =Input_TPSR!AK8 -> 3 | BU6: =Input_TPSR!AK8 -> 3 | BV6: =Input_TPSR!AL8 -> 3 | BW6: =Input_TPSR!AL8 -> 3 | BX6: =Input_TPSR!AM8 -> 3 | BY6: =Input_TPSR!AM8 -> 3 | BZ6: =Input_TPSR!AN8 -> 3 | CA6: =Input_TPSR!AN8 -> 3 | CB6: =Input_TPSR!AN8 -> 3 | CC6: =Input_TPSR!AO8 -> 3 | CD6: =Input_TPSR!AP8 -> 3 | CE6: =Input_TPSR!AP8 -> 3 | CF6: =Input_TPSR!AQ8 -> 3 | CG6: =Input_TPSR!AQ8 -> 3 | CH6: =Input_TPSR!AR8 -> 3 | CI6: =Input_TPSR!AR8 -> 3 | CJ6: =Input_TPSR!AS8 -> 3 | CK6: =Input_TPSR!AS8 -> 3 | CL6: =Input_TPSR!AS8 -> 3 | CM6: =Input_TPSR!AT8 -> 3 | CN6: =Input_TPSR!AU8 -> 2 | CO6: =Input_TPSR!AU8 -> 2 | CP6: =Input_TPSR!AV8 -> 2 | CQ6: =Input_TPSR!AV8 -> 2 | CR6: =Input_TPSR!AW8 -> 2 | CS6: =Input_TPSR!AW8 -> 2 | CT6: =Input_TPSR!AX8 -> 2 | CU6: =Input_TPSR!AX8 -> 2 | CV6: =Input_TPSR!AX8 -> 2 | CW6: =Input_TPSR!AY8 -> 2 | CX6: =Input_TPSR!AZ8 -> 3 | CY6: =Input_TPSR!AZ8 -> 3 | CZ6: =Input_TPSR!BA8 -> 3 | DA6: =Input_TPSR!BA8 -> 3 | DB6: =Input_TPSR!BB8 -> 3 | DC6: =Input_TPSR!BB8 -> 3 | DD6: =Input_TPSR!BC8 -> 3 | DE6: =Input_TPSR!BC8 -> 3 | DF6: =Input_TPSR!BC8 -> 3 | DG6: =Input_TPSR!BD8 -> 3 | DH6: =Input_TPSR!BE8 -> 3 | DI6: =Input_TPSR!BE8 -> 3 | DJ6: =Input_TPSR!BF8 -> 3 | DK6: =Input_TPSR!BF8 -> 3 | DL6: =Input_TPSR!BG8 -> 3 | DM6: =Input_TPSR!BG8 -> 3 | DN6: =Input_TPSR!BH8 -> 3 | DO6: =Input_TPSR!BH8 -> 3 | DP6: =Input_TPSR!BH8 -> 3 | DQ6: =Input_TPSR!BI8 -> 3 | DR6: =Input_TPSR!BJ8 -> 2 | DS6: =Input_TPSR!BJ8 -> 2 | DT6: =Input_TPSR!BK8 -> 2 | DU6: =Input_TPSR!BK8 -> 2 | DV6: =Input_TPSR!BL8 -> 2 | DW6: =Input_TPSR!BL8 -> 2 | DX6: =Input_TPSR!BM8 -> 2 | DY6: =Input_TPSR!BM8 -> 2 | DZ6: =Input_TPSR!BM8 -> 2 | EA6: =Input_TPSR!BN8 -> 2 | EB6: =Input_TPSR!BO8 -> 3 | EC6: =Input_TPSR!BO8 -> 3 | ED6: =Input_TPSR!BP8 -> 3 | EE6: =Input_TPSR!BP8 -> 3 | EF6: =Input_TPSR!BQ8 -> 3 | EG6: =Input_TPSR!BQ8 -> 3 | EH6: =Input_TPSR!BR8 -> 3 | EI6: =Input_TPSR!BR8 -> 3 | EJ6: =Input_TPSR!BR8 -> 3 | EK6: =Input_TPSR!BS8 -> 3 | EL6: =Input_TPSR!BT8 -> 3 | EM6: =Input_TPSR!BT8 -> 3 | EN6: =Input_TPSR!BU8 -> 3 | EO6: =Input_TPSR!BU8 -> 3 | EP6: =Input_TPSR!BV8 -> 3 | EQ6: =Input_TPSR!BV8 -> 3 | ER6: =Input_TPSR!BW8 -> 3 | ES6: =Input_TPSR!BW8 -> 3 | ET6: =Input_TPSR!BW8 -> 3 | EU6: =Input_TPSR!BX8 -> 3 | EV6: =Input_TPSR!BY8 -> 2 | EW6: =Input_TPSR!BY8 -> 2 | EX6: =Input_TPSR!BZ8 -> 2 | EY6: =Input_TPSR!BZ8 -> 2 | EZ6: =Input_TPSR!CA8 -> 2 | FA6: =Input_TPSR!CA8 -> 2 | FB6: =Input_TPSR!CB8 -> 2 | FC6: =Input_TPSR!CB8 -> 2 | FD6: =Input_TPSR!CB8 -> 2 | FE6: =Input_TPSR!CC8 -> 2
A7: Eka Ramadhan | B7: =Input_TPSR!B9 -> 1 | C7: =Input_TPSR!B9 -> 1 | D7: =Input_TPSR!C9 -> 1 | E7: =Input_TPSR!C9 -> 1 | F7: =Input_TPSR!D9 -> 1 | G7: =Input_TPSR!D9 -> 1 | H7: =Input_TPSR!E9 -> 1 | I7: =Input_TPSR!E9 -> 1 | J7: =Input_TPSR!E9 -> 1 | K7: =Input_TPSR!F9 -> 1 | L7: =Input_TPSR!G9 -> 4 | M7: =Input_TPSR!G9 -> 4 | N7: =Input_TPSR!H9 -> 4 | O7: =Input_TPSR!H9 -> 4 | P7: =Input_TPSR!I9 -> 4 | Q7: =Input_TPSR!I9 -> 4 | R7: =Input_TPSR!J9 -> 4 | S7: =Input_TPSR!J9 -> 4 | T7: =Input_TPSR!J9 -> 4 | U7: =Input_TPSR!K9 -> 4 | V7: =Input_TPSR!L9 -> 4 | W7: =Input_TPSR!L9 -> 4 | X7: =Input_TPSR!M9 -> 4 | Y7: =Input_TPSR!M9 -> 4 | Z7: =Input_TPSR!N9 -> 4 | AA7: =Input_TPSR!N9 -> 4 | AB7: =Input_TPSR!O9 -> 4 | AC7: =Input_TPSR!O9 -> 4 | AD7: =Input_TPSR!O9 -> 4 | AE7: =Input_TPSR!P9 -> 4 | AF7: =Input_TPSR!Q9 -> 1 | AG7: =Input_TPSR!Q9 -> 1 | AH7: =Input_TPSR!R9 -> 1 | AI7: =Input_TPSR!R9 -> 1 | AJ7: =Input_TPSR!S9 -> 1 | AK7: =Input_TPSR!S9 -> 1 | AL7: =Input_TPSR!T9 -> 1 | AM7: =Input_TPSR!T9 -> 1 | AN7: =Input_TPSR!T9 -> 1 | AO7: =Input_TPSR!U9 -> 1 | AP7: =Input_TPSR!V9 -> 4 | AQ7: =Input_TPSR!V9 -> 4 | AR7: =Input_TPSR!W9 -> 4 | AS7: =Input_TPSR!W9 -> 4 | AT7: =Input_TPSR!X9 -> 4 | AU7: =Input_TPSR!X9 -> 4 | AV7: =Input_TPSR!Y9 -> 4 | AW7: =Input_TPSR!Y9 -> 4 | AX7: =Input_TPSR!Y9 -> 4 | AY7: =Input_TPSR!Z9 -> 4 | AZ7: =Input_TPSR!AA9 -> 4 | BA7: =Input_TPSR!AA9 -> 4 | BB7: =Input_TPSR!AB9 -> 4 | BC7: =Input_TPSR!AB9 -> 4 | BD7: =Input_TPSR!AC9 -> 4 | BE7: =Input_TPSR!AC9 -> 4 | BF7: =Input_TPSR!AD9 -> 4 | BG7: =Input_TPSR!AD9 -> 4 | BH7: =Input_TPSR!AD9 -> 4 | BI7: =Input_TPSR!AE9 -> 4 | BJ7: =Input_TPSR!AF9 -> 1 | BK7: =Input_TPSR!AF9 -> 1 | BL7: =Input_TPSR!AG9 -> 1 | BM7: =Input_TPSR!AG9 -> 1 | BN7: =Input_TPSR!AH9 -> 1 | BO7: =Input_TPSR!AH9 -> 1 | BP7: =Input_TPSR!AI9 -> 1 | BQ7: =Input_TPSR!AI9 -> 1 | BR7: =Input_TPSR!AI9 -> 1 | BS7: =Input_TPSR!AJ9 -> 1 | BT7: =Input_TPSR!AK9 -> 4 | BU7: =Input_TPSR!AK9 -> 4 | BV7: =Input_TPSR!AL9 -> 4 | BW7: =Input_TPSR!AL9 -> 4 | BX7: =Input_TPSR!AM9 -> 4 | BY7: =Input_TPSR!AM9 -> 4 | BZ7: =Input_TPSR!AN9 -> 4 | CA7: =Input_TPSR!AN9 -> 4 | CB7: =Input_TPSR!AN9 -> 4 | CC7: =Input_TPSR!AO9 -> 4 | CD7: =Input_TPSR!AP9 -> 4 | CE7: =Input_TPSR!AP9 -> 4 | CF7: =Input_TPSR!AQ9 -> 4 | CG7: =Input_TPSR!AQ9 -> 4 | CH7: =Input_TPSR!AR9 -> 4 | CI7: =Input_TPSR!AR9 -> 4 | CJ7: =Input_TPSR!AS9 -> 4 | CK7: =Input_TPSR!AS9 -> 4 | CL7: =Input_TPSR!AS9 -> 4 | CM7: =Input_TPSR!AT9 -> 4 | CN7: =Input_TPSR!AU9 -> 1 | CO7: =Input_TPSR!AU9 -> 1 | CP7: =Input_TPSR!AV9 -> 1 | CQ7: =Input_TPSR!AV9 -> 1 | CR7: =Input_TPSR!AW9 -> 1 | CS7: =Input_TPSR!AW9 -> 1 | CT7: =Input_TPSR!AX9 -> 1 | CU7: =Input_TPSR!AX9 -> 1 | CV7: =Input_TPSR!AX9 -> 1 | CW7: =Input_TPSR!AY9 -> 1 | CX7: =Input_TPSR!AZ9 -> 4 | CY7: =Input_TPSR!AZ9 -> 4 | CZ7: =Input_TPSR!BA9 -> 4 | DA7: =Input_TPSR!BA9 -> 4 | DB7: =Input_TPSR!BB9 -> 4 | DC7: =Input_TPSR!BB9 -> 4 | DD7: =Input_TPSR!BC9 -> 4 | DE7: =Input_TPSR!BC9 -> 4 | DF7: =Input_TPSR!BC9 -> 4 | DG7: =Input_TPSR!BD9 -> 4 | DH7: =Input_TPSR!BE9 -> 4 | DI7: =Input_TPSR!BE9 -> 4 | DJ7: =Input_TPSR!BF9 -> 4 | DK7: =Input_TPSR!BF9 -> 4 | DL7: =Input_TPSR!BG9 -> 4 | DM7: =Input_TPSR!BG9 -> 4 | DN7: =Input_TPSR!BH9 -> 4 | DO7: =Input_TPSR!BH9 -> 4 | DP7: =Input_TPSR!BH9 -> 4 | DQ7: =Input_TPSR!BI9 -> 4 | DR7: =Input_TPSR!BJ9 -> 1 | DS7: =Input_TPSR!BJ9 -> 1 | DT7: =Input_TPSR!BK9 -> 1 | DU7: =Input_TPSR!BK9 -> 1 | DV7: =Input_TPSR!BL9 -> 1 | DW7: =Input_TPSR!BL9 -> 1 | DX7: =Input_TPSR!BM9 -> 1 | DY7: =Input_TPSR!BM9 -> 1 | DZ7: =Input_TPSR!BM9 -> 1 | EA7: =Input_TPSR!BN9 -> 1 | EB7: =Input_TPSR!BO9 -> 4 | EC7: =Input_TPSR!BO9 -> 4 | ED7: =Input_TPSR!BP9 -> 4 | EE7: =Input_TPSR!BP9 -> 4 | EF7: =Input_TPSR!BQ9 -> 4 | EG7: =Input_TPSR!BQ9 -> 4 | EH7: =Input_TPSR!BR9 -> 4 | EI7: =Input_TPSR!BR9 -> 4 | EJ7: =Input_TPSR!BR9 -> 4 | EK7: =Input_TPSR!BS9 -> 4 | EL7: =Input_TPSR!BT9 -> 4 | EM7: =Input_TPSR!BT9 -> 4 | EN7: =Input_TPSR!BU9 -> 4 | EO7: =Input_TPSR!BU9 -> 4 | EP7: =Input_TPSR!BV9 -> 4 | EQ7: =Input_TPSR!BV9 -> 4 | ER7: =Input_TPSR!BW9 -> 4 | ES7: =Input_TPSR!BW9 -> 4 | ET7: =Input_TPSR!BW9 -> 4 | EU7: =Input_TPSR!BX9 -> 4 | EV7: =Input_TPSR!BY9 -> 1 | EW7: =Input_TPSR!BY9 -> 1 | EX7: =Input_TPSR!BZ9 -> 1 | EY7: =Input_TPSR!BZ9 -> 1 | EZ7: =Input_TPSR!CA9 -> 1 | FA7: =Input_TPSR!CA9 -> 1 | FB7: =Input_TPSR!CB9 -> 1 | FC7: =Input_TPSR!CB9 -> 1 | FD7: =Input_TPSR!CB9 -> 1 | FE7: =Input_TPSR!CC9 -> 1

Sheet Dashboard_Karakter
A1: RATA-RATA NILAI KARAKTER (OTOMATIS)
A2: Nama Siswa | B2: Disiplin | C2: Sportivitas | D2: Tanggung Jawab | E2: Percaya Diri | F2: Kemandirian | G2: Berpikir Kritis | H2: Kepedulian | I2: Kerja Sama | J2: Kepemimpinan | K2: Gaya Hidup Sehat
A3: Andi Saputra | B3: =AVERAGE(Resume_Karakter!B3,Resume_Karakter!L3,Resume_Karakter!V3,Resume_Karakter!AF3,Resume_Karakter!AP3,Resume_Karakter!AZ3,Resume_Karakter!BJ3,Resume_Karakter!BT3,Resume_Karakter!CD3,Resume_Karakter!CN3,Resume_Karakter!CX3,Resume_Karakter!DH3,Resume_Karakter!DR3,Resume_Karakter!EB3,Resume_Karakter!EL3,Resume_Karakter!EV3) -> 4 | C3: =AVERAGE(Resume_Karakter!C3,Resume_Karakter!M3,Resume_Karakter!W3,Resume_Karakter!AG3,Resume_Karakter!AQ3,Resume_Karakter!BA3,Resume_Karakter!BK3,Resume_Karakter!BU3,Resume_Karakter!CE3,Resume_Karakter!CO3,Resume_Karakter!CY3,Resume_Karakter!DI3,Resume_Karakter!DS3,Resume_Karakter!EC3,Resume_Karakter!EM3,Resume_Karakter!EW3) -> 4 | D3: =AVERAGE(Resume_Karakter!D3,Resume_Karakter!N3,Resume_Karakter!X3,Resume_Karakter!AH3,Resume_Karakter!AR3,Resume_Karakter!BB3,Resume_Karakter!BL3,Resume_Karakter!BV3,Resume_Karakter!CF3,Resume_Karakter!CP3,Resume_Karakter!CZ3,Resume_Karakter!DJ3,Resume_Karakter!DT3,Resume_Karakter!ED3,Resume_Karakter!EN3,Resume_Karakter!EX3) -> 3 | E3: =AVERAGE(Resume_Karakter!E3,Resume_Karakter!O3,Resume_Karakter!Y3,Resume_Karakter!AI3,Resume_Karakter!AS3,Resume_Karakter!BC3,Resume_Karakter!BM3,Resume_Karakter!BW3,Resume_Karakter!CG3,Resume_Karakter!CQ3,Resume_Karakter!DA3,Resume_Karakter!DK3,Resume_Karakter!DU3,Resume_Karakter!EE3,Resume_Karakter!EO3,Resume_Karakter!EY3) -> 3 | F3: =AVERAGE(Resume_Karakter!F3,Resume_Karakter!P3,Resume_Karakter!Z3,Resume_Karakter!AJ3,Resume_Karakter!AT3,Resume_Karakter!BD3,Resume_Karakter!BN3,Resume_Karakter!BX3,Resume_Karakter!CH3,Resume_Karakter!CR3,Resume_Karakter!DB3,Resume_Karakter!DL3,Resume_Karakter!DV3,Resume_Karakter!EF3,Resume_Karakter!EP3,Resume_Karakter!EZ3) -> 3.875 | G3: =AVERAGE(Resume_Karakter!G3,Resume_Karakter!Q3,Resume_Karakter!AA3,Resume_Karakter!AK3,Resume_Karakter!AU3,Resume_Karakter!BE3,Resume_Karakter!BO3,Resume_Karakter!BY3,Resume_Karakter!CI3,Resume_Karakter!CS3,Resume_Karakter!DC3,Resume_Karakter!DM3,Resume_Karakter!DW3,Resume_Karakter!EG3,Resume_Karakter!EQ3,Resume_Karakter!FA3) -> 3.875 | H3: =AVERAGE(Resume_Karakter!H3,Resume_Karakter!R3,Resume_Karakter!AB3,Resume_Karakter!AL3,Resume_Karakter!AV3,Resume_Karakter!BF3,Resume_Karakter!BP3,Resume_Karakter!BZ3,Resume_Karakter!CJ3,Resume_Karakter!CT3,Resume_Karakter!DD3,Resume_Karakter!DN3,Resume_Karakter!DX3,Resume_Karakter!EH3,Resume_Karakter!ER3,Resume_Karakter!FB3) -> 3.8125 | I3: =AVERAGE(Resume_Karakter!I3,Resume_Karakter!S3,Resume_Karakter!AC3,Resume_Karakter!AM3,Resume_Karakter!AW3,Resume_Karakter!BG3,Resume_Karakter!BQ3,Resume_Karakter!CA3,Resume_Karakter!CK3,Resume_Karakter!CU3,Resume_Karakter!DE3,Resume_Karakter!DO3,Resume_Karakter!DY3,Resume_Karakter!EI3,Resume_Karakter!ES3,Resume_Karakter!FC3) -> 3.8125 | ... K3: =AVERAGE(Resume_Karakter!K3,Resume_Karakter!U3,Resume_Karakter!AE3,Resume_Karakter!AO3,Resume_Karakter!AY3,Resume_Karakter!BI3,Resume_Karakter!BS3,Resume_Karakter!CC3,Resume_Karakter!CM3,Resume_Karakter!CW3,Resume_Karakter!DG3,Resume_Karakter!DQ3,Resume_Karakter!EA3,Resume_Karakter!EK3,Resume_Karakter!EU3,Resume_Karakter!FE3) -> 4
A4: Budi Wijaya | B4: =AVERAGE(Resume_Karakter!B4,Resume_Karakter!L4,Resume_Karakter!V4,Resume_Karakter!AF4,Resume_Karakter!AP4,Resume_Karakter!AZ4,Resume_Karakter!BJ4,Resume_Karakter!BT4,Resume_Karakter!CD4,Resume_Karakter!CN4,Resume_Karakter!CX4,Resume_Karakter!DH4,Resume_Karakter!DR4,Resume_Karakter!EB4,Resume_Karakter!EL4,Resume_Karakter!EV4) -> 3.3125 | C4: =AVERAGE(Resume_Karakter!C4,Resume_Karakter!M4,Resume_Karakter!W4,Resume_Karakter!AG4,Resume_Karakter!AQ4,Resume_Karakter!BA4,Resume_Karakter!BK4,Resume_Karakter!BU4,Resume_Karakter!CE4,Resume_Karakter!CO4,Resume_Karakter!CY4,Resume_Karakter!DI4,Resume_Karakter!DS4,Resume_Karakter!EC4,Resume_Karakter!EM4,Resume_Karakter!EW4) -> 3.3125 | D4: =AVERAGE(Resume_Karakter!D4,Resume_Karakter!N4,Resume_Karakter!X4,Resume_Karakter!AH4,Resume_Karakter!AR4,Resume_Karakter!BB4,Resume_Karakter!BL4,Resume_Karakter!BV4,Resume_Karakter!CF4,Resume_Karakter!CP4,Resume_Karakter!CZ4,Resume_Karakter!DJ4,Resume_Karakter!DT4,Resume_Karakter!ED4,Resume_Karakter!EN4,Resume_Karakter!EX4) -> 3 | E4: =AVERAGE(Resume_Karakter!E4,Resume_Karakter!O4,Resume_Karakter!Y4,Resume_Karakter!AI4,Resume_Karakter!AS4,Resume_Karakter!BC4,Resume_Karakter!BM4,Resume_Karakter!BW4,Resume_Karakter!CG4,Resume_Karakter!CQ4,Resume_Karakter!DA4,Resume_Karakter!DK4,Resume_Karakter!DU4,Resume_Karakter!EE4,Resume_Karakter!EO4,Resume_Karakter!EY4) -> 3 | F4: =AVERAGE(Resume_Karakter!F4,Resume_Karakter!P4,Resume_Karakter!Z4,Resume_Karakter!AJ4,Resume_Karakter!AT4,Resume_Karakter!BD4,Resume_Karakter!BN4,Resume_Karakter!BX4,Resume_Karakter!CH4,Resume_Karakter!CR4,Resume_Karakter!DB4,Resume_Karakter!DL4,Resume_Karakter!DV4,Resume_Karakter!EF4,Resume_Karakter!EP4,Resume_Karakter!EZ4) -> 3 | G4: =AVERAGE(Resume_Karakter!G4,Resume_Karakter!Q4,Resume_Karakter!AA4,Resume_Karakter!AK4,Resume_Karakter!AU4,Resume_Karakter!BE4,Resume_Karakter!BO4,Resume_Karakter!BY4,Resume_Karakter!CI4,Resume_Karakter!CS4,Resume_Karakter!DC4,Resume_Karakter!DM4,Resume_Karakter!DW4,Resume_Karakter!EG4,Resume_Karakter!EQ4,Resume_Karakter!FA4) -> 3 | H4: =AVERAGE(Resume_Karakter!H4,Resume_Karakter!R4,Resume_Karakter!AB4,Resume_Karakter!AL4,Resume_Karakter!AV4,Resume_Karakter!BF4,Resume_Karakter!BP4,Resume_Karakter!BZ4,Resume_Karakter!CJ4,Resume_Karakter!CT4,Resume_Karakter!DD4,Resume_Karakter!DN4,Resume_Karakter!DX4,Resume_Karakter!EH4,Resume_Karakter!ER4,Resume_Karakter!FB4) -> 3 | I4: =AVERAGE(Resume_Karakter!I4,Resume_Karakter!S4,Resume_Karakter!AC4,Resume_Karakter!AM4,Resume_Karakter!AW4,Resume_Karakter!BG4,Resume_Karakter!BQ4,Resume_Karakter!CA4,Resume_Karakter!CK4,Resume_Karakter!CU4,Resume_Karakter!DE4,Resume_Karakter!DO4,Resume_Karakter!DY4,Resume_Karakter!EI4,Resume_Karakter!ES4,Resume_Karakter!FC4) -> 3 | ... K4: =AVERAGE(Resume_Karakter!K4,Resume_Karakter!U4,Resume_Karakter!AE4,Resume_Karakter!AO4,Resume_Karakter!AY4,Resume_Karakter!BI4,Resume_Karakter!BS4,Resume_Karakter!CC4,Resume_Karakter!CM4,Resume_Karakter!CW4,Resume_Karakter!DG4,Resume_Karakter!DQ4,Resume_Karakter!EA4,Resume_Karakter!EK4,Resume_Karakter!EU4,Resume_Karakter!FE4) -> 3.375
A5: Citra Lestari | B5: =AVERAGE(Resume_Karakter!B5,Resume_Karakter!L5,Resume_Karakter!V5,Resume_Karakter!AF5,Resume_Karakter!AP5,Resume_Karakter!AZ5,Resume_Karakter!BJ5,Resume_Karakter!BT5,Resume_Karakter!CD5,Resume_Karakter!CN5,Resume_Karakter!CX5,Resume_Karakter!DH5,Resume_Karakter!DR5,Resume_Karakter!EB5,Resume_Karakter!EL5,Resume_Karakter!EV5) -> 3.3125 | C5: =AVERAGE(Resume_Karakter!C5,Resume_Karakter!M5,Resume_Karakter!W5,Resume_Karakter!AG5,Resume_Karakter!AQ5,Resume_Karakter!BA5,Resume_Karakter!BK5,Resume_Karakter!BU5,Resume_Karakter!CE5,Resume_Karakter!CO5,Resume_Karakter!CY5,Resume_Karakter!DI5,Resume_Karakter!DS5,Resume_Karakter!EC5,Resume_Karakter!EM5,Resume_Karakter!EW5) -> 3.3125 | D5: =AVERAGE(Resume_Karakter!D5,Resume_Karakter!N5,Resume_Karakter!X5,Resume_Karakter!AH5,Resume_Karakter!AR5,Resume_Karakter!BB5,Resume_Karakter!BL5,Resume_Karakter!BV5,Resume_Karakter!CF5,Resume_Karakter!CP5,Resume_Karakter!CZ5,Resume_Karakter!DJ5,Resume_Karakter!DT5,Resume_Karakter!ED5,Resume_Karakter!EN5,Resume_Karakter!EX5) -> 3 | E5: =AVERAGE(Resume_Karakter!E5,Resume_Karakter!O5,Resume_Karakter!Y5,Resume_Karakter!AI5,Resume_Karakter!AS5,Resume_Karakter!BC5,Resume_Karakter!BM5,Resume_Karakter!BW5,Resume_Karakter!CG5,Resume_Karakter!CQ5,Resume_Karakter!DA5,Resume_Karakter!DK5,Resume_Karakter!DU5,Resume_Karakter!EE5,Resume_Karakter!EO5,Resume_Karakter!EY5) -> 3 | F5: =AVERAGE(Resume_Karakter!F5,Resume_Karakter!P5,Resume_Karakter!Z5,Resume_Karakter!AJ5,Resume_Karakter!AT5,Resume_Karakter!BD5,Resume_Karakter!BN5,Resume_Karakter!BX5,Resume_Karakter!CH5,Resume_Karakter!CR5,Resume_Karakter!DB5,Resume_Karakter!DL5,Resume_Karakter!DV5,Resume_Karakter!EF5,Resume_Karakter!EP5,Resume_Karakter!EZ5) -> 3 | G5: =AVERAGE(Resume_Karakter!G5,Resume_Karakter!Q5,Resume_Karakter!AA5,Resume_Karakter!AK5,Resume_Karakter!AU5,Resume_Karakter!BE5,Resume_Karakter!BO5,Resume_Karakter!BY5,Resume_Karakter!CI5,Resume_Karakter!CS5,Resume_Karakter!DC5,Resume_Karakter!DM5,Resume_Karakter!DW5,Resume_Karakter!EG5,Resume_Karakter!EQ5,Resume_Karakter!FA5) -> 3 | H5: =AVERAGE(Resume_Karakter!H5,Resume_Karakter!R5,Resume_Karakter!AB5,Resume_Karakter!AL5,Resume_Karakter!AV5,Resume_Karakter!BF5,Resume_Karakter!BP5,Resume_Karakter!BZ5,Resume_Karakter!CJ5,Resume_Karakter!CT5,Resume_Karakter!DD5,Resume_Karakter!DN5,Resume_Karakter!DX5,Resume_Karakter!EH5,Resume_Karakter!ER5,Resume_Karakter!FB5) -> 3 | I5: =AVERAGE(Resume_Karakter!I5,Resume_Karakter!S5,Resume_Karakter!AC5,Resume_Karakter!AM5,Resume_Karakter!AW5,Resume_Karakter!BG5,Resume_Karakter!BQ5,Resume_Karakter!CA5,Resume_Karakter!CK5,Resume_Karakter!CU5,Resume_Karakter!DE5,Resume_Karakter!DO5,Resume_Karakter!DY5,Resume_Karakter!EI5,Resume_Karakter!ES5,Resume_Karakter!FC5) -> 3 | ... K5: =AVERAGE(Resume_Karakter!K5,Resume_Karakter!U5,Resume_Karakter!AE5,Resume_Karakter!AO5,Resume_Karakter!AY5,Resume_Karakter!BI5,Resume_Karakter!BS5,Resume_Karakter!CC5,Resume_Karakter!CM5,Resume_Karakter!CW5,Resume_Karakter!DG5,Resume_Karakter!DQ5,Resume_Karakter!EA5,Resume_Karakter!EK5,Resume_Karakter!EU5,Resume_Karakter!FE5) -> 3
A6: Dian Pratama | B6: =AVERAGE(Resume_Karakter!B6,Resume_Karakter!L6,Resume_Karakter!V6,Resume_Karakter!AF6,Resume_Karakter!AP6,Resume_Karakter!AZ6,Resume_Karakter!BJ6,Resume_Karakter!BT6,Resume_Karakter!CD6,Resume_Karakter!CN6,Resume_Karakter!CX6,Resume_Karakter!DH6,Resume_Karakter!DR6,Resume_Karakter!EB6,Resume_Karakter!EL6,Resume_Karakter!EV6) -> 2.625 | C6: =AVERAGE(Resume_Karakter!C6,Resume_Karakter!M6,Resume_Karakter!W6,Resume_Karakter!AG6,Resume_Karakter!AQ6,Resume_Karakter!BA6,Resume_Karakter!BK6,Resume_Karakter!BU6,Resume_Karakter!CE6,Resume_Karakter!CO6,Resume_Karakter!CY6,Resume_Karakter!DI6,Resume_Karakter!DS6,Resume_Karakter!EC6,Resume_Karakter!EM6,Resume_Karakter!EW6) -> 2.625 | D6: =AVERAGE(Resume_Karakter!D6,Resume_Karakter!N6,Resume_Karakter!X6,Resume_Karakter!AH6,Resume_Karakter!AR6,Resume_Karakter!BB6,Resume_Karakter!BL6,Resume_Karakter!BV6,Resume_Karakter!CF6,Resume_Karakter!CP6,Resume_Karakter!CZ6,Resume_Karakter!DJ6,Resume_Karakter!DT6,Resume_Karakter!ED6,Resume_Karakter!EN6,Resume_Karakter!EX6) -> 2.625 | E6: =AVERAGE(Resume_Karakter!E6,Resume_Karakter!O6,Resume_Karakter!Y6,Resume_Karakter!AI6,Resume_Karakter!AS6,Resume_Karakter!BC6,Resume_Karakter!BM6,Resume_Karakter!BW6,Resume_Karakter!CG6,Resume_Karakter!CQ6,Resume_Karakter!DA6,Resume_Karakter!DK6,Resume_Karakter!DU6,Resume_Karakter!EE6,Resume_Karakter!EO6,Resume_Karakter!EY6) -> 2.625 | F6: =AVERAGE(Resume_Karakter!F6,Resume_Karakter!P6,Resume_Karakter!Z6,Resume_Karakter!AJ6,Resume_Karakter!AT6,Resume_Karakter!BD6,Resume_Karakter!BN6,Resume_Karakter!BX6,Resume_Karakter!CH6,Resume_Karakter!CR6,Resume_Karakter!DB6,Resume_Karakter!DL6,Resume_Karakter!DV6,Resume_Karakter!EF6,Resume_Karakter!EP6,Resume_Karakter!EZ6) -> 2.625 | G6: =AVERAGE(Resume_Karakter!G6,Resume_Karakter!Q6,Resume_Karakter!AA6,Resume_Karakter!AK6,Resume_Karakter!AU6,Resume_Karakter!BE6,Resume_Karakter!BO6,Resume_Karakter!BY6,Resume_Karakter!CI6,Resume_Karakter!CS6,Resume_Karakter!DC6,Resume_Karakter!DM6,Resume_Karakter!DW6,Resume_Karakter!EG6,Resume_Karakter!EQ6,Resume_Karakter!FA6) -> 2.625 | H6: =AVERAGE(Resume_Karakter!H6,Resume_Karakter!R6,Resume_Karakter!AB6,Resume_Karakter!AL6,Resume_Karakter!AV6,Resume_Karakter!BF6,Resume_Karakter!BP6,Resume_Karakter!BZ6,Resume_Karakter!CJ6,Resume_Karakter!CT6,Resume_Karakter!DD6,Resume_Karakter!DN6,Resume_Karakter!DX6,Resume_Karakter!EH6,Resume_Karakter!ER6,Resume_Karakter!FB6) -> 2.625 | I6: =AVERAGE(Resume_Karakter!I6,Resume_Karakter!S6,Resume_Karakter!AC6,Resume_Karakter!AM6,Resume_Karakter!AW6,Resume_Karakter!BG6,Resume_Karakter!BQ6,Resume_Karakter!CA6,Resume_Karakter!CK6,Resume_Karakter!CU6,Resume_Karakter!DE6,Resume_Karakter!DO6,Resume_Karakter!DY6,Resume_Karakter!EI6,Resume_Karakter!ES6,Resume_Karakter!FC6) -> 2.625 | ... K6: =AVERAGE(Resume_Karakter!K6,Resume_Karakter!U6,Resume_Karakter!AE6,Resume_Karakter!AO6,Resume_Karakter!AY6,Resume_Karakter!BI6,Resume_Karakter!BS6,Resume_Karakter!CC6,Resume_Karakter!CM6,Resume_Karakter!CW6,Resume_Karakter!DG6,Resume_Karakter!DQ6,Resume_Karakter!EA6,Resume_Karakter!EK6,Resume_Karakter!EU6,Resume_Karakter!FE6) -> 2.625
A7: Eka Ramadhan | B7: =AVERAGE(Resume_Karakter!B7,Resume_Karakter!L7,Resume_Karakter!V7,Resume_Karakter!AF7,Resume_Karakter!AP7,Resume_Karakter!AZ7,Resume_Karakter!BJ7,Resume_Karakter!BT7,Resume_Karakter!CD7,Resume_Karakter!CN7,Resume_Karakter!CX7,Resume_Karakter!DH7,Resume_Karakter!DR7,Resume_Karakter!EB7,Resume_Karakter!EL7,Resume_Karakter!EV7) -> 2.875 | C7: =AVERAGE(Resume_Karakter!C7,Resume_Karakter!M7,Resume_Karakter!W7,Resume_Karakter!AG7,Resume_Karakter!AQ7,Resume_Karakter!BA7,Resume_Karakter!BK7,Resume_Karakter!BU7,Resume_Karakter!CE7,Resume_Karakter!CO7,Resume_Karakter!CY7,Resume_Karakter!DI7,Resume_Karakter!DS7,Resume_Karakter!EC7,Resume_Karakter!EM7,Resume_Karakter!EW7) -> 2.875 | D7: =AVERAGE(Resume_Karakter!D7,Resume_Karakter!N7,Resume_Karakter!X7,Resume_Karakter!AH7,Resume_Karakter!AR7,Resume_Karakter!BB7,Resume_Karakter!BL7,Resume_Karakter!BV7,Resume_Karakter!CF7,Resume_Karakter!CP7,Resume_Karakter!CZ7,Resume_Karakter!DJ7,Resume_Karakter!DT7,Resume_Karakter!ED7,Resume_Karakter!EN7,Resume_Karakter!EX7) -> 2.875 | E7: =AVERAGE(Resume_Karakter!E7,Resume_Karakter!O7,Resume_Karakter!Y7,Resume_Karakter!AI7,Resume_Karakter!AS7,Resume_Karakter!BC7,Resume_Karakter!BM7,Resume_Karakter!BW7,Resume_Karakter!CG7,Resume_Karakter!CQ7,Resume_Karakter!DA7,Resume_Karakter!DK7,Resume_Karakter!DU7,Resume_Karakter!EE7,Resume_Karakter!EO7,Resume_Karakter!EY7) -> 2.875 | F7: =AVERAGE(Resume_Karakter!F7,Resume_Karakter!P7,Resume_Karakter!Z7,Resume_Karakter!AJ7,Resume_Karakter!AT7,Resume_Karakter!BD7,Resume_Karakter!BN7,Resume_Karakter!BX7,Resume_Karakter!CH7,Resume_Karakter!CR7,Resume_Karakter!DB7,Resume_Karakter!DL7,Resume_Karakter!DV7,Resume_Karakter!EF7,Resume_Karakter!EP7,Resume_Karakter!EZ7) -> 2.875 | G7: =AVERAGE(Resume_Karakter!G7,Resume_Karakter!Q7,Resume_Karakter!AA7,Resume_Karakter!AK7,Resume_Karakter!AU7,Resume_Karakter!BE7,Resume_Karakter!BO7,Resume_Karakter!BY7,Resume_Karakter!CI7,Resume_Karakter!CS7,Resume_Karakter!DC7,Resume_Karakter!DM7,Resume_Karakter!DW7,Resume_Karakter!EG7,Resume_Karakter!EQ7,Resume_Karakter!FA7) -> 2.875 | H7: =AVERAGE(Resume_Karakter!H7,Resume_Karakter!R7,Resume_Karakter!AB7,Resume_Karakter!AL7,Resume_Karakter!AV7,Resume_Karakter!BF7,Resume_Karakter!BP7,Resume_Karakter!BZ7,Resume_Karakter!CJ7,Resume_Karakter!CT7,Resume_Karakter!DD7,Resume_Karakter!DN7,Resume_Karakter!DX7,Resume_Karakter!EH7,Resume_Karakter!ER7,Resume_Karakter!FB7) -> 2.875 | I7: =AVERAGE(Resume_Karakter!I7,Resume_Karakter!S7,Resume_Karakter!AC7,Resume_Karakter!AM7,Resume_Karakter!AW7,Resume_Karakter!BG7,Resume_Karakter!BQ7,Resume_Karakter!CA7,Resume_Karakter!CK7,Resume_Karakter!CU7,Resume_Karakter!DE7,Resume_Karakter!DO7,Resume_Karakter!DY7,Resume_Karakter!EI7,Resume_Karakter!ES7,Resume_Karakter!FC7) -> 2.875 | ... K7: =AVERAGE(Resume_Karakter!K7,Resume_Karakter!U7,Resume_Karakter!AE7,Resume_Karakter!AO7,Resume_Karakter!AY7,Resume_Karakter!BI7,Resume_Karakter!BS7,Resume_Karakter!CC7,Resume_Karakter!CM7,Resume_Karakter!CW7,Resume_Karakter!DG7,Resume_Karakter!DQ7,Resume_Karakter!EA7,Resume_Karakter!EK7,Resume_Karakter!EU7,Resume_Karakter!FE7) -> 2.875
